<linker>
  <assembly fullname="Unity.ResourceManager, Version=0.0.0.0, Culture=neutral, PublicKeyToken=null" preserve="all">
    <type fullname="UnityEngine.ResourceManagement.ResourceProviders.LegacyResourcesProvider" preserve="all" />
    <type fullname="UnityEngine.ResourceManagement.ResourceProviders.AssetBundleProvider" preserve="all" />
    <type fullname="UnityEngine.ResourceManagement.ResourceProviders.BundledAssetProvider" preserve="all" />
    <type fullname="UnityEngine.ResourceManagement.ResourceProviders.InstanceProvider" preserve="all" />
  </assembly>
  <assembly fullname="UnityEngine.CoreModule, Version=0.0.0.0, Culture=neutral, PublicKeyToken=null">
    <type fullname="UnityEngine.GameObject" preserve="all" />
    <type fullname="UnityEngine.Transform" preserve="all" />
    <type fullname="UnityEngine.Material" preserve="all" />
    <type fullname="UnityEngine.MeshRenderer" preserve="all" />
    <type fullname="UnityEngine.Texture2D" preserve="all" />
    <type fullname="UnityEngine.MeshFilter" preserve="all" />
    <type fullname="UnityEngine.Mesh" preserve="all" />
    <type fullname="UnityEngine.Shader" preserve="all" />
    <type fullname="UnityEngine.TextAsset" preserve="all" />
    <type fullname="UnityEngine.SkinnedMeshRenderer" preserve="all" />
    <type fullname="UnityEngine.SpriteRenderer" preserve="all" />
    <type fullname="UnityEngine.Sprite" preserve="all" />
  </assembly>
  <assembly fullname="UnityEngine.Physics2DModule, Version=0.0.0.0, Culture=neutral, PublicKeyToken=null">
    <type fullname="UnityEngine.Rigidbody2D" preserve="all" />
    <type fullname="UnityEngine.CircleCollider2D" preserve="all" />
    <type fullname="UnityEngine.PolygonCollider2D" preserve="all" />
  </assembly>
  <assembly fullname="UnityEngine.AnimationModule, Version=0.0.0.0, Culture=neutral, PublicKeyToken=null">
    <type fullname="UnityEngine.AnimationClip" preserve="all" />
    <type fullname="UnityEngine.RuntimeAnimatorController" preserve="all" />
    <type fullname="UnityEngine.Animator" preserve="all" />
  </assembly>
  <assembly fullname="Assembly-CSharp, Version=0.0.0.0, Culture=neutral, PublicKeyToken=null">
    <type fullname="BulletBee" preserve="all" />
    <type fullname="CinnamonTrail" preserve="all" />
    <type fullname="CrosshairBee" preserve="all" />
    <type fullname="AimLock" preserve="all" />
    <type fullname="CameraShakeProfile" preserve="all" />
    <type fullname="AnalogController" preserve="all" />
    <type fullname="DampedRotation" preserve="all" />
    <type fullname="BezierTrail" preserve="all" />
    <type fullname="ConstraintKeeper" preserve="all" />
    <type fullname="ConstantRotation3D" preserve="all" />
    <type fullname="TailBombBee" preserve="all" />
    <type fullname="ActorWonderBee" preserve="all" />
    <type fullname="InstrumentSet" preserve="all" />
    <type fullname="Composing.DjLeah" preserve="all" />
  </assembly>
  <assembly fullname="UnityEditor, Version=0.0.0.0, Culture=neutral, PublicKeyToken=null">
    <type fullname="UnityEditor.MonoScript" preserve="all" />
    <type fullname="UnityEditor.Audio.AudioMixerController" preserve="all" />
    <type fullname="UnityEditor.Audio.AudioMixerGroupController" preserve="all" />
    <type fullname="UnityEditor.Audio.AudioMixerSnapshotController" preserve="all" />
  </assembly>
  <assembly fullname="UnityEngine.ParticleSystemModule, Version=0.0.0.0, Culture=neutral, PublicKeyToken=null">
    <type fullname="UnityEngine.ParticleSystem" preserve="all" />
    <type fullname="UnityEngine.ParticleSystemRenderer" preserve="all" />
  </assembly>
  <assembly fullname="UnityEngine.AudioModule, Version=0.0.0.0, Culture=neutral, PublicKeyToken=null">
    <type fullname="UnityEngine.AudioSource" preserve="all" />
    <type fullname="UnityEngine.AudioClip" preserve="all" />
  </assembly>
  <assembly fullname="Unity.Addressables, Version=0.0.0.0, Culture=neutral, PublicKeyToken=null" preserve="all">
    <type fullname="UnityEngine.AddressableAssets.Addressables" preserve="all" />
  </assembly>
</linker>